Timestamp,Azimuth,Altitude,Cloud Cover,Temperature,Humidity,Voltage,Current,Power
2/1/2025 6:00,203.1109797,60.11718297,81.57226963,13.93564463,50.24663554,10.64670713,1.638335738,17.44288078
2/1/2025 6:15,146.5771063,34.65850522,46.22111664,30.07042752,89.58368593,12.38424947,3.875122474,47.99048346
2/1/2025 6:30,257.4902556,64.50116929,87.56385363,18.72672105,80.21953609,14.56736033,4.720141787,68.76000624
2/1/2025 6:45,165.655467,72.77879655,27.88630135,22.42283748,44.43821534,10.45124675,4.805968849,50.2283663
2/1/2025 7:00,188.5427152,74.20035918,46.05410333,33.77887016,49.74235051,10.27382514,2.395398426,24.60990458
2/1/2025 7:15,189.8705264,80.70926833,97.51194784,16.34289978,29.86792026,14.66090837,2.526391621,37.03919607
2/1/2025 7:30,139.2219421,44.01913204,56.50940566,18.23175914,34.69430771,12.47840962,3.861212165,48.18178701
2/1/2025 7:45,235.8397661,42.07112027,48.13708686,18.0639959,35.07518106,14.71882441,0.58407325,8.596871602
2/1/2025 8:00,232.2868549,2.784114011,16.64101954,23.44484699,85.44068063,10.73210627,2.220370785,23.82925522
2/1/2025 8:15,218.9477674,25.1523259,79.98542774,28.57550868,52.66064894,12.39035505,3.741883311,46.36326279
2/1/2025 8:30,161.9316199,25.04251643,83.57363273,21.89731185,74.84320115,10.87134103,3.751608241,40.78501259
2/1/2025 8:45,122.3400709,13.73269685,42.47636139,28.43993434,26.604294,12.75987361,4.472293911,57.06590504
2/1/2025 9:00,121.6850065,15.5645598,58.0763701,34.46881728,23.42627384,14.89372954,3.040566799,45.28537956
2/1/2025 9:15,110.9897036,30.65473891,81.48857368,27.82482679,41.96506415,13.02483461,3.803549466,49.54060271
2/1/2025 9:30,119.7591465,70.021724,96.34743484,21.67485182,31.14996653,11.70377726,0.820806003,9.606530636
2/1/2025 9:45,193.546627,19.29923601,53.67938802,27.42534243,24.60079269,12.89398461,2.376028636,30.63647667
2/1/2025 10:00,112.8360114,4.607123802,12.49883447,17.68851066,32.84270016,12.83715191,3.154557217,40.4955302
2/1/2025 10:15,225.0595455,1.642156182,78.06185337,14.86207816,82.90111019,11.8863459,2.434509772,28.93742524
2/1/2025 10:30,202.279352,24.35257319,1.479732661,19.03055486,54.85082291,13.46572468,3.666345967,49.37000536
2/1/2025 10:45,112.1610742,88.76589106,88.45232679,18.75176742,34.61478428,11.88104996,4.92389857,58.50108492
2/1/2025 11:00,238.0284382,85.95717037,8.588194708,23.62321073,83.96168568,12.11210462,4.963113913,60.11375497
2/1/2025 11:15,109.5808489,81.89160549,52.1132872,17.01326146,58.18272996,13.38071582,1.924784732,25.75499752
2/1/2025 11:30,143.3807078,2.34647224,69.30900947,23.70780766,56.89198271,10.82930703,3.270012638,35.41197086
2/1/2025 11:45,171.6107019,16.90765251,7.269841663,13.36704366,67.32109082,10.95196062,4.998198873,54.74007723
2/1/2025 12:00,92.75198535,59.38419167,53.64424105,25.52763922,72.43427463,13.90764604,4.805282421,66.83016705
2/1/2025 12:15,178.4811814,80.37022379,11.03454149,17.05028829,69.03892853,13.77111381,1.875321804,25.82526999
2/1/2025 12:30,105.4688612,7.030934386,77.25671454,21.32470071,60.7113763,13.05950906,1.93004853,25.20548625
2/1/2025 12:45,105.5532595,24.86208358,35.35298726,16.15199087,28.25332118,13.91742376,1.111006796,15.46235238
2/1/2025 13:00,119.6108907,52.55377536,85.75356389,15.32239762,58.50125929,13.74289243,4.97396464,68.35666099
2/1/2025 13:15,148.8033866,70.58557404,28.02941359,15.65708896,83.05488946,12.73379531,1.007252767,12.82615056
2/1/2025 13:30,236.1489249,65.24124023,95.6607573,18.36749394,79.96646634,10.68244716,4.218522122,45.06413967
2/1/2025 13:45,106.7091081,85.73289057,22.35562449,33.77867057,75.62573862,11.58362392,4.798675854,55.5860564
2/1/2025 14:00,219.809801,80.8812133,95.12244749,30.1159504,63.28877346,14.43545895,3.989772331,57.59419472
2/1/2025 14:15,193.4882445,5.312754039,67.61745827,19.73594406,34.0844621,10.16613916,3.193604383,32.46662659
2/1/2025 14:30,130.0275956,64.64789494,58.67590653,31.50774251,87.99062046,11.4419553,1.700126841,19.45277532
2/1/2025 14:45,155.6703803,34.01853827,91.44459537,32.4120042,64.83163631,13.07244223,3.621809578,47.34589647
2/1/2025 15:00,94.14500795,22.65188632,1.710915999,31.69250401,22.82286039,14.77304993,1.705744824,25.19905345
2/1/2025 15:15,141.2571597,4.03944971,18.53549972,26.37286809,65.11499545,13.085899,2.337677796,30.59061554
2/1/2025 15:30,173.3489259,62.56411806,91.75604603,32.19058723,21.15992372,13.59217882,3.331183948,45.27804791
2/1/2025 15:45,237.6270615,34.03016699,4.695857058,29.57682676,34.98337153,14.22493142,3.6225757,51.53089089
2/1/2025 16:00,233.7481014,18.22844488,73.97571212,14.34061455,53.62216487,12.73553058,1.47502028,18.78516587
2/1/2025 16:15,178.0547121,29.32369208,79.54751508,21.97179514,34.95390056,11.50609265,1.936366992,22.28001801
2/1/2025 16:30,258.5573398,75.43216415,50.85441841,27.6735393,70.42212674,14.60292224,3.767456023,55.01586736
2/1/2025 16:45,174.8609135,21.09575852,82.8060582,10.07108233,40.2391501,10.87010249,1.723738541,18.73721461
2/1/2025 17:00,257.3842365,42.36156211,76.30898842,19.40725219,29.23249045,11.30115369,3.069355648,34.68725991
2/1/2025 17:15,247.9038879,61.07581884,61.64813632,20.41925975,68.13555881,13.55508418,2.68659466,36.41701678
2/1/2025 17:30,105.7331135,24.89259631,61.2837861,30.87196344,45.24721395,13.76167666,4.519111004,62.19054442
2/1/2025 17:45,92.16884028,9.926436374,23.58853578,22.36756651,43.32252764,12.13436146,2.608334521,31.65047388
2/1/2025 18:00,177.8438704,53.24892222,98.68164342,31.63857917,42.31499795,11.82763752,3.39855836,40.19691637
2/1/2025 18:15,118.921586,88.67290722,19.80623401,33.65058527,64.43273008,14.94961746,3.291565417,49.20764383
2/1/2025 18:30,262.2867433,45.02516984,10.94305752,14.73542581,36.84632287,14.65122846,3.97639666,58.25909592
2/1/2025 18:45,157.790125,10.80726798,85.71541097,14.68356335,27.54990022,11.70290316,1.894031086,22.16566238
2/1/2025 19:00,163.2397426,51.93221033,62.19627647,11.46564861,23.46101597,11.81980018,3.919100012,46.32297903
2/1/2025 19:15,108.8206012,51.14403062,29.23206542,18.17923586,61.19089891,14.68558512,2.39700083,35.20135972
2/1/2025 19:30,225.7297808,31.35755592,23.7802468,24.34794755,39.16032466,14.87482996,1.337356077,19.89294424
2/1/2025 19:45,137.391102,66.61656627,86.94158214,12.47388202,75.01741289,13.2439148,0.516121653,6.835471196
2/1/2025 20:00,142.4208943,77.55697929,78.12297194,32.00739414,67.20395356,14.99311914,1.696757976,25.43969448
2/1/2025 20:15,126.8383184,72.91998967,26.20734567,12.98887854,68.47958549,11.30024783,4.873960367,55.07696007
2/1/2025 20:30,92.11061917,80.69238118,9.361299902,14.56421257,39.8905863,10.37152539,2.313946852,23.99915852
2/1/2025 20:45,120.7413209,55.86173724,37.38470349,13.95148407,20.67298424,14.26084946,1.273821032,18.16576997
2/1/2025 21:00,106.9129078,47.38533403,26.21958189,10.97614801,25.33032145,12.8368396,4.048110123,51.96494035
2/1/2025 21:15,183.3473299,61.39809635,75.14237638,12.13856068,65.4080376,13.94487141,2.14923835,29.97085243
2/1/2025 21:30,138.6187254,23.20025889,21.79017444,13.32242882,46.05165085,13.96407311,0.991128791,13.84019489
2/1/2025 21:45,122.7719394,14.13641942,59.98267116,20.26418874,64.30935156,12.35675496,1.812497381,22.396586
2/1/2025 22:00,257.5427464,72.95090302,69.16884192,25.32086353,53.04960426,12.3884389,2.331294605,28.88110078
2/1/2025 22:15,255.8478223,46.84261754,43.56584087,22.00684553,61.90096092,14.81672435,1.311481781,19.43186403
2/1/2025 22:30,199.4897883,55.8933991,42.61450466,21.50211437,34.4457635,11.4036403,4.819063296,54.95486441
2/1/2025 22:45,207.4592841,51.85606754,28.12114603,11.37892257,21.55824881,11.81307759,4.112268129,48.57854247
2/1/2025 23:00,109.9153553,34.66107931,24.59975162,18.7995409,33.80686862,10.8960419,4.017469672,43.77451787
2/1/2025 23:15,117.909174,86.5157464,39.57964078,14.23967325,89.68919316,11.19455659,2.828102728,31.65935604
2/1/2025 23:30,254.0683479,89.74472943,15.28553881,21.02471724,49.44378247,10.2629825,3.811063917,39.11288228
2/1/2025 23:45,196.4411808,82.70822067,68.00872858,27.69630404,33.319942,13.04491356,0.790713386,10.31478777
2/2/2025 0:00,258.2802959,24.94627443,14.96726584,12.44633216,31.60353686,14.69935001,2.855157754,41.96896317
2/2/2025 0:15,213.6333061,36.81755222,39.15188835,25.15553815,38.3577108,14.94413328,1.885972842,28.18422952
2/2/2025 0:30,199.3791487,85.2448595,30.17968661,15.93137998,33.83636823,13.03800873,2.72799809,35.56766292
2/2/2025 0:45,113.6348499,8.835315326,19.13332107,23.70129925,41.76270506,13.37247883,0.843574422,11.28068109
2/2/2025 1:00,231.4153036,17.58641446,82.04353579,14.96902251,82.84179199,11.55593233,1.985246334,22.94137228
2/2/2025 1:15,141.9473832,64.05531619,18.16519973,32.7834959,26.12510667,14.61145145,2.23532439,32.66133381
2/2/2025 1:30,238.9915035,31.87807179,84.9473881,18.17295163,84.8613779,10.48732913,4.571361562,47.94137327
2/2/2025 1:45,252.0673257,76.97396082,93.05970974,13.89843038,76.58005568,13.07337139,1.097460235,14.34750523
2/2/2025 2:00,101.2424754,16.80846645,86.03602902,28.31059627,66.72601695,10.38656075,0.822559181,8.5435609
2/2/2025 2:15,163.6733378,29.42094199,73.5997183,12.17660239,20.33607235,13.03909238,3.972126721,51.79292725
2/2/2025 2:30,108.0000408,36.45676876,9.152405141,19.21891246,36.69417209,12.06221006,0.597455925,7.206638862
2/2/2025 2:45,98.49535487,89.17022831,62.86805746,34.79975047,69.66555098,14.77136161,0.993223362,14.67126144
2/2/2025 3:00,257.9782789,38.79225406,2.98093153,26.91830757,32.53472682,12.52896365,3.093776042,38.76180757
2/2/2025 3:15,262.4966527,55.38634458,43.16434783,13.95021695,64.96056907,10.50081841,3.245629678,34.08176788
2/2/2025 3:30,224.2014214,8.667728856,90.97748152,17.25957922,46.54616126,10.11171812,1.651124608,16.69570661
2/2/2025 3:45,102.1556957,34.44931833,54.29367056,17.24363607,61.28904653,14.97745818,2.875548123,43.06840177
2/2/2025 4:00,257.1173996,10.38951295,16.9599666,32.95940906,71.54938177,13.93923078,4.364730862,60.84099078
2/2/2025 4:15,217.3877553,77.54857063,4.890169296,21.21530184,48.46488796,12.94715873,2.063457368,26.71591009
2/2/2025 4:30,137.3280641,82.15966271,23.09700532,12.30843787,83.59049669,10.83918659,2.245479027,24.33916616
2/2/2025 4:45,137.4175801,66.4961568,60.98492517,20.71240864,62.15087055,10.11403748,2.731297095,27.62444118
2/2/2025 5:00,143.3985756,8.422545065,82.41174363,15.56294764,46.02881317,11.13866492,1.341877026,14.94671856
2/2/2025 5:15,196.7755559,44.08291134,11.6236213,33.14771934,45.59919132,12.05871041,1.371591928,16.53962986
2/2/2025 5:30,255.5906207,80.017914,40.82380067,10.35653892,89.12999018,14.77955431,0.944675778,13.96188696
2/2/2025 5:45,239.2004019,35.58222456,76.72308178,23.22034285,84.64898156,10.89966214,2.414295318,26.31500327
2/2/2025 6:00,131.0235839,87.62078493,94.14177988,16.08464132,20.83179341,11.22258813,4.598408261,51.60604198
2/2/2025 6:15,106.1901475,22.53868011,16.9754221,30.9509463,56.85104926,11.85455191,3.426358702,40.6179471
2/2/2025 6:30,101.2012912,11.90535621,30.44255809,33.81208549,50.25605099,10.40277002,2.885518867,30.01738918
2/2/2025 6:45,227.8236704,57.30019629,32.25728532,30.1559134,73.84189427,14.17784851,4.646603973,65.87884721
2/2/2025 7:00,265.9150951,68.66640222,50.95327279,21.86655235,49.73712354,12.16712654,2.813598046,34.23340347
2/2/2025 7:15,226.8547657,83.87788703,10.05212778,10.50290709,67.27717065,11.25305105,3.462830779,38.96741154
2/2/2025 7:30,263.1541977,61.40935276,73.80169061,14.13853641,30.21489176,13.15945789,3.316846019,43.64789552
2/2/2025 7:45,95.1278207,18.72378514,65.17950935,24.70466989,21.50451793,11.08235685,1.158644787,12.840515
2/2/2025 8:00,113.3627628,26.78759059,46.48483419,20.69941062,43.33199507,13.01782968,2.373260452,30.89470035
2/2/2025 8:15,111.1398304,63.57571212,37.46689708,29.45977444,76.09286557,12.66158147,1.049165285,13.28409173
2/2/2025 8:30,244.4096621,53.3818921,43.96600134,26.6488151,86.61892319,11.25825453,1.803447603,20.30367214
2/2/2025 8:45,163.4112357,34.13402915,23.71024202,19.48313886,34.71404377,11.3094422,1.704226425,19.27385025
2/2/2025 9:00,216.3306087,2.47900032,79.30159901,30.2270076,64.93893031,14.23147676,3.063622824,43.59987702
2/2/2025 9:15,108.2161653,61.51967169,73.63861381,21.05918673,22.10170682,10.0344169,3.817147101,38.30284537
2/2/2025 9:30,254.2397374,79.79723139,90.51620557,33.95611791,36.06987028,11.08572633,1.973736625,21.88030406
2/2/2025 9:45,132.941389,9.755824095,11.42263116,15.73753393,71.98568585,11.13802525,2.653050218,29.5497403
2/2/2025 10:00,108.0040714,40.95680422,6.022983417,18.73115824,81.14333343,11.47182858,0.623767665,7.155755724
2/2/2025 10:15,253.945133,42.41339987,50.33674375,34.7442926,50.05428562,10.86194638,3.419632342,37.14386314
2/2/2025 10:30,125.279122,86.77216131,91.29746908,26.22671396,87.40692857,10.3203388,4.276795791,44.13798155
2/2/2025 10:45,225.5944082,80.77330475,58.16666722,32.54082614,64.29615302,11.25123658,4.374906048,49.22310297
2/2/2025 11:00,231.9329613,14.88922778,3.879365229,26.52413128,26.05500955,11.02852092,3.012164155,33.2197154
2/2/2025 11:15,103.9577949,77.84872757,5.644807717,27.98763806,58.11319755,10.39412164,1.535007727,15.95505704
2/2/2025 11:30,257.6003801,7.110754924,11.11155062,24.8840008,71.39787644,14.6638505,1.945977003,28.53551586
2/2/2025 11:45,154.2831343,5.76926095,15.76717169,20.49525165,32.71826211,12.88259845,4.870965849,62.75069709
2/2/2025 12:00,203.6133358,40.86062283,95.93063548,21.03772529,23.36532693,12.77101266,1.517581378,19.38105099
2/2/2025 12:15,226.0852168,30.05428062,76.63862202,28.89832884,32.87165622,12.74119992,2.442791455,31.12409428
2/2/2025 12:30,121.4408858,29.71274511,36.93058149,17.90874082,69.41344783,12.09836874,3.381322933,40.90849166
2/2/2025 12:45,123.7602487,14.5671388,29.44160391,29.1624747,42.06170658,12.19092037,4.067643022,49.58831218
2/2/2025 13:00,171.9946016,35.20986114,87.76499434,33.18239322,31.75513317,14.43487512,4.806360561,69.37921448
2/2/2025 13:15,134.6254464,71.05980232,80.27438754,10.63173865,78.3334289,11.98548765,3.986285796,47.77757917
2/2/2025 13:30,255.0277963,18.00854172,24.59514455,20.70511128,28.09534064,10.86300293,1.50455864,16.34402491
2/2/2025 13:45,113.4484558,22.05931137,28.41657225,11.86071797,27.04530316,11.64778274,3.417956091,39.81160995
2/2/2025 14:00,238.2602962,34.70766408,47.7599333,12.79061215,62.56773584,11.29983621,4.805377319,54.29997665
2/2/2025 14:15,120.4932272,74.65063816,98.08292157,23.22639056,78.97049395,14.21429958,2.520946808,35.83349315
2/2/2025 14:30,269.1484422,33.50874195,95.25937529,24.28697571,68.2671435,13.87401966,2.15249499,29.86375781
2/2/2025 14:45,220.1242777,24.91246832,39.98177998,24.84290421,35.37577947,12.2881239,2.677326481,32.89931952
2/2/2025 15:00,162.3245435,63.67116551,9.226767477,34.99995405,26.6396311,10.81700899,3.448173259,37.29892114
2/2/2025 15:15,248.9323273,62.69163778,86.20377473,32.44681642,81.91805883,10.4878851,1.578150906,16.55146538
2/2/2025 15:30,219.1351532,71.38608492,11.0550519,32.28988384,88.90551664,11.82285871,2.194288757,25.94276594
2/2/2025 15:45,187.3240057,26.3456894,42.05944959,22.19104308,81.1764207,13.0127425,2.06336354,26.85001843
2/2/2025 16:00,230.7942385,56.78084846,12.89371291,18.17114497,84.27953333,10.18144318,1.994549904,20.30739652
2/2/2025 16:15,253.9031909,86.17665523,68.93572026,13.45490494,35.41636181,13.29198556,2.56746331,34.12668524
2/2/2025 16:30,257.3093492,59.44440288,24.43139598,33.36746704,78.65501681,10.67349633,2.034256526,21.71262958
2/2/2025 16:45,213.4986497,33.8137338,46.27173773,25.57406566,41.18069001,10.58437875,0.643824783,6.814485356
2/2/2025 17:00,105.8828571,15.64207768,70.81939632,11.55088679,34.12468972,12.69305164,3.977017742,50.48049157
2/2/2025 17:15,199.9481781,61.75480319,63.01811658,16.04555289,73.15530586,13.86120726,0.793395361,10.99741753
2/2/2025 17:30,251.3695425,67.18462147,89.36404661,34.03632444,64.45398689,11.33567242,0.563231638,6.384609338
2/2/2025 17:45,138.2296518,25.77321567,56.08294597,12.6830618,66.30181928,13.22216138,2.999481923,39.65963404
2/2/2025 18:00,99.0352713,76.89201737,58.94698074,11.48822777,57.70691859,11.48189693,1.465873102,16.83100387
2/2/2025 18:15,233.0749528,62.80908792,77.35770356,25.08401176,85.66233652,11.84033402,4.731153983,56.01844345
2/2/2025 18:30,109.7518224,73.29287077,41.46323004,25.14839572,49.92946621,13.53846193,1.202160732,16.2754073
2/2/2025 18:45,117.9807246,71.95717383,82.26512199,22.98076182,32.15213995,12.76818658,4.743097785,60.56075748
2/2/2025 19:00,125.8882594,39.74981174,36.79928064,34.76000243,53.10814805,11.93515955,3.405966996,40.65075953
2/2/2025 19:15,240.2431704,45.44189853,92.30632421,13.36696616,89.49333699,13.92700995,1.547391603,21.55053825
2/2/2025 19:30,233.0972585,30.00595952,9.119652944,25.08473041,75.9832478,13.48253003,4.12601552,55.62912815
2/2/2025 19:45,257.1263103,64.36874511,9.217221073,11.55789188,65.02289437,13.24502658,2.708121459,35.86914071
2/2/2025 20:00,184.0523932,38.00903465,55.73434663,10.79327921,27.44927309,10.95083173,4.497338219,49.24959405
2/2/2025 20:15,93.34380779,6.131767452,44.54769463,20.48566471,30.56680119,14.47588573,4.150472122,60.08176017
2/2/2025 20:30,234.3222752,80.12268957,71.55245235,19.69069511,62.54248378,11.58984628,3.555690753,41.20990924
2/2/2025 20:45,145.5473923,76.21525097,93.36460467,25.63457971,43.14287677,12.64709787,1.704171835,21.552828
2/2/2025 21:00,197.492466,51.24833214,55.4597611,26.9367036,64.16234443,14.14373124,2.255573792,31.90222951
2/2/2025 21:15,221.4827375,37.77769949,2.80292585,31.69809643,77.83921325,10.04698075,3.081516602,30.95993797
2/2/2025 21:30,101.5247593,85.40897692,55.12519734,20.65832846,84.69533123,13.91230424,3.632061824,50.53034912
2/2/2025 21:45,118.5748665,8.65017957,39.16287412,33.00882904,65.7611613,12.05273679,0.628709854,7.577674385
2/2/2025 22:00,91.81989055,83.62198839,62.04388566,17.33390791,79.83928876,11.05653516,1.189958631,13.15681944
2/2/2025 22:15,249.2895679,66.12706336,34.25801303,25.15683746,76.42622176,10.90844336,0.583383993,6.363811247
2/2/2025 22:30,156.1131239,44.47430581,11.89096615,29.44118392,34.11656178,10.45734191,2.129289179,22.26670496
2/2/2025 22:45,153.2451831,35.21724272,45.67873906,19.6794233,45.45042677,14.58582904,2.103266803,30.67789
2/2/2025 23:00,201.7344633,79.80663206,39.15604831,19.67741659,72.62471286,11.39901982,2.892416981,32.9707185
2/2/2025 23:15,205.5342295,25.22321871,17.97302071,22.87521179,61.96570143,13.71703319,1.945686527,26.68904668
2/2/2025 23:30,109.9828819,77.26894603,90.18200806,31.43585814,73.51206344,11.2870111,1.744280782,19.68771655
2/2/2025 23:45,215.2719191,60.88742189,31.85097706,34.71159187,51.25932456,10.44822239,0.58060585,6.066299044
2/3/2025 0:00,178.2452185,82.71157876,25.02568689,17.30296748,86.34568905,10.43235916,2.389956228,24.93288174
2/3/2025 0:15,230.0119708,8.507362009,41.55165259,11.01526568,88.49416429,11.17959109,0.825313131,9.226663331
2/3/2025 0:30,159.555185,45.50614644,72.89727951,25.8383664,27.88654935,14.57098189,3.203070036,46.67187548
2/3/2025 0:45,265.071189,63.55595074,5.749764173,33.09809523,48.61722904,10.14168484,3.288203481,33.3479234
2/3/2025 1:00,158.9136859,57.57949507,98.66365565,17.36994686,42.7195956,11.3126571,1.703792617,19.27442165
2/3/2025 1:15,185.9031807,62.10707775,83.85973548,26.1614318,83.03775195,13.18601055,1.216582485,16.04186948
2/3/2025 1:30,237.0103012,26.24655663,49.59629457,19.04922003,80.19664464,13.54813147,1.277637041,17.30959461
2/3/2025 1:45,109.3164125,79.33349729,15.81915669,27.02182551,66.19412814,11.55700237,0.539977172,6.240517458
2/3/2025 2:00,136.7600801,43.66709614,81.18993401,28.6477617,49.73238926,11.974879,3.350451553,40.12125196
2/3/2025 2:15,214.299939,17.20334718,91.00651431,17.02800783,23.80096836,12.13060599,0.730328246,8.859324192
2/3/2025 2:30,244.9859671,0.094740175,48.5366619,21.45951484,88.24279891,11.92023284,4.694477533,55.95926524
2/3/2025 2:45,249.1036264,31.51405312,6.710507612,30.74281403,74.95726646,13.60739029,4.088279708,55.63081758
2/3/2025 3:00,241.1774069,7.896773427,96.4898455,19.09754812,82.60958232,10.53191607,3.841746255,40.46094913
2/3/2025 3:15,187.7887397,1.792493302,89.93820056,26.25898507,33.84955575,12.98531564,1.283677541,16.66895804
2/3/2025 3:30,204.4837932,82.37034172,99.78553824,27.57883107,57.46191014,14.64315304,0.512191445,7.500097709
2/3/2025 3:45,96.6215935,61.57374165,56.60547038,17.85353335,60.85105556,11.05539032,4.253744893,47.0268101
2/3/2025 4:00,240.8306022,21.31878984,77.15024734,27.44573417,80.97920764,10.21420843,3.063437,31.29058403
2/3/2025 4:15,223.456512,69.94327196,19.65749354,24.70745269,34.27586181,14.53155526,1.143579268,16.61798533
2/3/2025 4:30,246.5070744,83.13911827,69.69531573,10.01905797,31.33071322,14.1560325,2.703656188,38.27304488
2/3/2025 4:45,252.7212137,30.30885027,99.41308845,30.12461014,46.00274201,14.77939427,4.116882391,60.84502801
2/3/2025 5:00,135.0201097,80.6230795,58.56234708,21.84588679,32.84197533,11.58942103,1.497516744,17.35535205
2/3/2025 5:15,194.1407306,48.19524736,85.06993021,10.99097005,71.23552942,11.45045167,3.719823301,42.59365692
2/3/2025 5:30,254.5282075,8.798099503,26.06512411,27.24183264,80.21195083,10.3249835,1.433952811,14.80553911
2/3/2025 5:45,197.3363349,62.41397814,54.45341885,21.935293,56.46055381,11.54360829,4.742429794,54.74475187
2/3/2025 6:00,116.7179958,28.29478973,50.94112006,28.19149376,69.5692151,13.84675877,4.540033872,62.86475384
2/3/2025 6:15,154.079674,13.16734988,30.27740002,25.47134891,38.84653868,13.36476664,2.492817276,33.31592117
2/3/2025 6:30,234.3072552,61.88226753,67.78325183,12.15758228,52.66682763,14.66038624,1.49371255,21.89840292
2/3/2025 6:45,256.8729524,21.65542908,68.36386459,32.65703237,59.50865465,12.69532387,0.988564616,12.55014797
2/3/2025 7:00,180.9396261,9.706400459,91.46883444,11.91791432,36.51091781,10.23289475,4.35905758,44.60577743
2/3/2025 7:15,111.8740005,37.73011511,99.8986103,10.82336476,68.02034231,14.47000541,0.76692575,11.09741975
2/3/2025 7:30,153.446357,87.165085,72.25927803,29.32738149,82.64865232,10.76157349,2.15659411,23.208346
2/3/2025 7:45,169.4628013,66.01277747,66.41378989,24.56154534,51.67198443,10.35781031,3.134457168,32.46611277
2/3/2025 8:00,141.40873,82.27480952,61.63929608,27.363872,80.05288037,13.654606,3.766491518,51.4299577
2/3/2025 8:15,196.1914926,55.51192436,45.45776076,30.11561257,75.83697765,11.87560873,1.755855508,20.85185301
2/3/2025 8:30,141.8938204,35.20621095,86.61290854,27.45027611,54.1642585,11.03909577,1.900319624,20.97781031
2/3/2025 8:45,105.7060505,30.19641964,63.53100041,17.03001965,33.83895558,11.1617883,2.195344993,24.50397606
2/3/2025 9:00,171.9040345,9.97596495,99.01186354,32.23971537,22.11367397,12.58809457,4.643166079,58.44861371
2/3/2025 9:15,218.2155951,22.40665074,58.48004789,23.7436302,51.31416306,12.54523208,2.372609217,29.76493325
2/3/2025 9:30,189.3144167,83.6890951,39.3500659,27.21777923,88.01783916,13.5599857,1.000899916,13.57218855
2/3/2025 9:45,96.8414785,46.64615735,34.50005,34.22644848,67.33933903,10.47237012,2.782226373,29.13650434
2/3/2025 10:00,169.2130167,1.022047767,52.85839163,11.43249806,40.27646557,11.57967699,3.249365194,37.62659937
2/3/2025 10:15,241.2183017,46.58303539,98.10179903,15.94707853,59.65812369,11.88590708,1.05765254,12.57115982
2/3/2025 10:30,165.7990292,52.31397557,8.028957891,27.58568531,47.03027163,10.3678243,4.15107479,43.03761408
2/3/2025 10:45,140.1846231,45.72551003,33.16515194,29.63619338,32.36586393,11.03257279,1.285416384,14.18144982
2/3/2025 11:00,133.8988471,62.13146339,59.53886199,13.03903149,87.22487303,12.32072965,2.124749002,26.17845803
2/3/2025 11:15,121.2706782,85.80600005,19.32219142,28.72684882,37.21189963,11.18832956,1.020354905,11.41606694
2/3/2025 11:30,187.671963,19.57737765,47.73538203,25.96168075,64.94498443,14.1256279,4.9967327,70.58198686
2/3/2025 11:45,195.9277477,21.06568892,94.30900571,18.08218436,62.96696316,10.93102502,3.046273389,33.29889063
2/3/2025 12:00,211.4194668,86.20396392,92.85364462,22.22789615,82.43282763,12.73092949,1.956384265,24.90659014
2/3/2025 12:15,182.0189879,17.39363901,56.94608554,32.61545002,66.01971408,14.64201384,4.203323459,61.54512026
2/3/2025 12:30,235.5108254,72.95916516,61.52277356,32.71192014,53.7525657,13.21587812,4.290665023,56.70490599
2/3/2025 12:45,238.9731158,51.08562555,84.97115315,33.1547331,25.85802588,14.41255217,1.00659273,14.50757024
2/3/2025 13:00,205.36343,43.25202925,39.64965764,20.56831683,69.93746211,14.65653387,2.499988885,36.64117178
2/3/2025 13:15,224.2497448,55.5188425,55.80465351,30.01886659,61.89595629,12.31534903,3.128157584,38.52435246
2/3/2025 13:30,174.8092775,50.77650898,48.31621301,14.07827285,57.93505295,11.32551027,4.587793095,51.9590978
2/3/2025 13:45,202.3588431,7.823478217,66.2542317,25.6526645,38.51826123,11.36463706,2.664964433,30.28635355
2/3/2025 14:00,206.4471046,28.77247056,87.04843037,19.57132365,53.53927217,11.67738804,4.152043023,48.48501752
2/3/2025 14:15,102.2288104,23.43469643,92.41677594,23.02456839,77.54044941,14.49656661,3.53274733,51.21270698
2/3/2025 14:30,209.8018692,11.07032463,29.53520819,19.89416666,89.05204901,11.46676325,3.385709195,38.82312579
2/3/2025 14:45,203.5779221,0.074140509,97.8984979,18.83158413,70.84745074,12.98321406,4.982700721,64.69147006
2/3/2025 15:00,241.2137311,89.64431667,41.83821978,25.2520336,45.11866049,14.82366268,2.061930966,30.56536911
2/3/2025 15:15,158.3729623,85.22876281,51.76371022,19.35037394,78.33964813,13.06629439,2.881712071,37.65329828
2/3/2025 15:30,126.7749909,20.78267779,87.48881442,16.73484921,51.6906847,13.81222841,0.646124216,8.92441526
2/3/2025 15:45,194.2472974,79.63911391,54.61026725,19.43374155,50.41608001,13.04230543,1.479355792,19.29421008
2/3/2025 16:00,176.8500049,15.03876533,35.69835309,18.5580194,33.01320139,12.61021102,0.827814105,10.43891055
2/3/2025 16:15,252.4555734,45.58388347,52.8372645,29.45141742,77.83098112,14.76275466,1.825055467,26.9428461
2/3/2025 16:30,197.3905634,8.618763665,24.26831242,14.26474774,28.52127224,14.48286882,0.623553169,9.030838756
2/3/2025 16:45,206.753649,12.78114718,37.66057166,24.24045427,46.15268366,14.98807107,1.820242388,27.28192228
2/3/2025 17:00,118.2963231,64.43660356,64.58736719,31.47822995,41.14682196,10.21862858,3.463920899,35.39652108
2/3/2025 17:15,96.56173278,38.38587204,10.6237955,32.54819537,64.70521559,11.54431647,4.965572165,57.3241365
2/3/2025 17:30,253.7951329,12.29552896,20.11754373,27.15359547,89.57675918,11.10699914,0.554242741,6.155973652
2/3/2025 17:45,207.3062128,74.0554484,10.09944935,23.32747641,23.54865549,12.25981997,4.680435487,57.38129645
2/3/2025 18:00,122.5069139,47.61268451,95.45309207,22.7693598,36.33903193,12.95746796,2.610559006,33.82623467
2/3/2025 18:15,206.9714651,1.887093625,6.638240391,14.51741275,63.56883826,12.91092067,3.562098726,45.98997408
2/3/2025 18:30,230.6891577,48.64173352,21.46850074,31.66512123,34.07911832,12.99377302,4.093293889,53.18733168
2/3/2025 18:45,129.9410058,36.59663546,97.85476306,15.24982171,68.31326702,12.52971089,1.342089259,16.8159904
2/3/2025 19:00,252.6093207,49.4860127,23.32723195,16.86552869,74.40638515,13.17376623,2.9887524,39.37312543
2/3/2025 19:15,183.9439728,32.96096738,82.12278697,22.03801004,52.40354771,14.1210298,3.321292759,46.90007404
2/3/2025 19:30,193.3405378,64.28476416,2.398863186,12.53179638,47.70179383,14.8871468,1.152409051,17.15608272
2/3/2025 19:45,204.8518712,10.35861323,19.49792006,18.44572605,87.71991026,11.3923973,3.122893448,35.5772429
2/3/2025 20:00,247.8880399,38.72558948,52.80292319,18.27789629,46.28720954,11.30577868,2.286787962,25.85391859
2/3/2025 20:15,169.8683086,82.71221199,47.96522984,12.72242882,58.11575547,10.66305277,2.110161199,22.50076022
2/3/2025 20:30,153.9637514,3.945988146,73.21935431,29.50739666,85.43229274,13.11782853,3.494610133,45.84169651
2/3/2025 20:45,231.7475565,7.640446197,61.36839538,23.56211131,47.70674739,12.38809937,2.626681039,32.53958571
2/3/2025 21:00,185.77191,71.55042085,40.21078077,23.12390192,26.55978022,11.32525046,1.948734794,22.06990962
2/3/2025 21:15,152.6234812,44.68850537,71.26855782,34.74266762,83.7599479,11.48093035,0.52718467,6.05257047
2/3/2025 21:30,260.7538019,5.980836097,89.78607029,25.53679765,49.7607714,13.92404732,4.095055965,57.01975305
2/3/2025 21:45,136.509234,16.04388294,97.14696361,34.06804354,41.79816018,13.5572308,1.572174836,21.31433711
2/3/2025 22:00,237.7479239,70.69679894,24.87668095,20.27339633,33.36519007,11.15895256,4.065593561,45.36776567
2/3/2025 22:15,233.7817984,23.85299543,79.16048239,12.58181353,89.72728394,14.87512768,1.649408688,24.53516483
2/3/2025 22:30,105.7428768,13.92946706,98.81489662,23.17873759,27.35018251,11.44635671,3.757014416,43.00412716
2/3/2025 22:45,93.08768341,46.1451672,25.5309703,26.28327989,49.39488862,12.5409863,4.308413906,54.0317598
2/3/2025 23:00,228.5928058,43.37631794,17.78854772,28.09449591,57.94306322,10.95720446,3.589907183,39.33534699
2/3/2025 23:15,210.1536401,53.31374022,58.87028498,31.18217163,87.84294344,13.00905929,2.842489469,36.97811404
2/3/2025 23:30,161.0740524,41.30531369,46.71600168,11.80456035,66.35400237,13.00083953,4.612859068,59.97104052
2/3/2025 23:45,268.8236481,20.94272647,99.96639679,28.83990888,84.75855461,13.63656051,4.67607896,63.76563369
2/4/2025 0:00,115.6977402,56.60803202,9.091395758,11.3397801,40.77028869,11.17944295,2.931681441,32.77456541
2/4/2025 0:15,252.6027028,44.74304004,14.50518589,27.09561553,80.88111865,11.49523286,1.897854696,21.81628167
2/4/2025 0:30,223.3797614,42.56422421,47.73868229,25.70178392,67.45739885,11.99238832,2.069554791,24.81890472
2/4/2025 0:45,235.6433333,84.55337756,86.04054744,19.83776379,30.13057909,13.39948123,3.549005543,47.55483315
2/4/2025 1:00,132.0666819,70.30507184,25.40179071,33.7721756,52.20324482,13.88685674,2.316664389,32.17118648
2/4/2025 1:15,251.8393582,7.913246715,12.12530329,11.09566478,47.49473811,11.83331215,3.641151247,43.0868793
2/4/2025 1:30,254.6367356,15.40311125,79.76681004,25.00339917,77.22181433,11.25981611,2.192747155,24.68992974
2/4/2025 1:45,193.0865523,52.38462992,1.719952066,34.18490969,34.57309825,11.470939,4.924592183,56.48969654
2/4/2025 2:00,137.236122,22.60968139,60.23788001,27.39707235,35.61657025,10.01518807,2.534915436,25.38765484
2/4/2025 2:15,107.5847962,83.46922192,44.29074824,16.60497851,40.17157931,12.78144584,4.558229036,58.26075754
2/4/2025 2:30,265.4584347,5.767071452,32.9934644,27.48585771,43.48117784,13.92945616,2.608879647,36.34027466
2/4/2025 2:45,219.4913937,16.91909769,34.0997733,17.43837276,74.51602307,13.81834028,2.03935708,28.18053009
2/4/2025 3:00,129.1501128,56.23487155,6.194844553,32.35592908,27.73318681,11.94810525,3.872107279,46.26434532
2/4/2025 3:15,209.0267788,35.6897151,41.88109508,32.76066376,41.41782795,10.69327625,2.650619644,28.3438081
2/4/2025 3:30,159.9929331,36.96030843,41.1497591,16.82263887,22.79645554,14.07344588,2.121079142,29.85089252
2/4/2025 3:45,145.9218298,1.601667728,55.47344395,26.18913412,74.49636561,14.20985312,4.537091281,64.47140069
2/4/2025 4:00,121.3723184,49.23629344,0.322305201,16.51733518,69.93458092,12.71365397,1.656871359,21.06488913
2/4/2025 4:15,210.0601646,64.73531708,70.26784508,31.13738721,61.83425848,12.25339242,4.730752302,57.96776442
2/4/2025 4:30,261.5389433,73.32169499,33.06592056,30.06344228,75.91097296,10.44121234,2.998624191,31.30927192
2/4/2025 4:45,120.7091173,67.17873693,78.43113617,17.80761534,41.92306379,12.77113306,0.821390029,10.49008136
2/4/2025 5:00,127.0373908,56.60561496,69.27376268,29.52551892,45.17017984,10.81617401,4.944127583,53.47654428
2/4/2025 5:15,238.9509171,15.27056679,90.22682768,31.22566699,87.92989817,10.60829766,3.066750065,32.53299753
2/4/2025 5:30,178.1089813,53.79752195,11.00209889,11.51710491,59.57760382,11.93176892,3.512061712,41.90510877
2/4/2025 5:45,134.5392178,0.750531519,61.66914583,11.37692569,66.36972356,13.74055581,0.796572106,10.94534347
2/4/2025 6:00,244.2811475,7.317520311,36.57810827,16.54308495,68.69351079,13.57571607,3.765093903,51.11384581
2/4/2025 6:15,215.6351941,57.60723885,21.40333384,26.87375222,39.20164799,10.24868076,2.545258138,26.0855381
2/4/2025 6:30,160.2735363,28.23016373,55.77751904,30.81606684,39.64252631,10.07034473,2.145827198,21.60921961
2/4/2025 6:45,129.1073648,85.74833051,41.4602868,13.90400628,44.17720698,10.48534953,0.789191223,8.274945821
2/4/2025 7:00,152.6749841,27.12710687,57.53198773,26.31649679,64.02692648,10.13729602,1.414251797,14.33668911
2/4/2025 7:15,230.0295065,79.68023699,18.1579406,27.93483513,50.91486912,10.04835115,4.233637612,42.54107737
2/4/2025 7:30,147.0001064,78.88130031,99.44144462,28.20266539,45.42287099,10.67128454,1.895142227,20.22360195
2/4/2025 7:45,119.9071541,61.24038356,91.62141153,13.00780518,41.68630552,14.46386302,2.978001021,43.07339883
2/4/2025 8:00,256.6000025,26.93529477,47.26300959,31.49739274,31.97651351,13.03202175,1.726753763,22.5030926
2/4/2025 8:15,173.6685531,27.88045428,31.51794131,13.88545641,82.64177009,11.5011462,0.508695009,5.850575674
2/4/2025 8:30,124.8636006,64.1001093,87.61289249,13.51088552,53.73192981,14.49356837,3.764059098,54.55464788
2/4/2025 8:45,104.2450959,2.726359176,93.07023464,19.97639657,54.70252349,10.98340134,3.177111256,34.89548803
2/4/2025 9:00,258.6203848,75.49550751,60.67636364,24.56869576,39.05432025,12.69150928,4.079779806,51.77856326
2/4/2025 9:15,228.2485123,40.60073459,25.91835128,24.75105897,36.47611575,10.80508749,2.933767297,31.69961233
2/4/2025 9:30,210.6949771,41.24957196,46.91292884,10.61256046,36.27243673,13.17545833,4.897662686,64.52895065
2/4/2025 9:45,212.7782925,47.94665402,51.79249493,26.15136079,53.17060271,11.28466653,4.504791423,50.83506899
2/4/2025 10:00,153.5064753,75.05995576,53.71186097,21.24774494,26.98996582,14.45523762,2.517855593,36.39620089
2/4/2025 10:15,109.3494532,79.62696176,3.140615897,22.06715195,39.9879361,12.64260996,2.166734269,27.39317625
2/4/2025 10:30,127.3429818,18.02168856,2.813899934,27.79172691,43.22698693,10.57084181,4.007665275,42.36439566
2/4/2025 10:45,173.4572283,19.4390472,19.82072332,26.23993847,31.63210218,13.73062165,3.739625158,51.34737814
2/4/2025 11:00,121.3879852,19.92419987,72.51434736,32.89011494,38.94074702,10.40474235,3.011132771,31.33006068
2/4/2025 11:15,219.6079452,69.66893856,62.3622516,30.71823909,61.67986274,10.2619159,3.63079818,37.25894558
2/4/2025 11:30,160.9979132,0.788616152,6.179712113,15.63449014,63.87160289,14.53893138,4.950032193,71.96817838
2/4/2025 11:45,201.1360116,74.23969428,84.67399181,34.81559616,21.7898285,10.56754076,2.458364571,25.97886781
2/4/2025 12:00,116.2312387,83.56580523,49.28634031,34.09652713,77.65322597,13.96048836,1.08747138,15.18163154
2/4/2025 12:15,212.4101244,83.91481932,62.92040937,28.02393798,67.16344897,14.46806431,1.802026302,26.07183242
2/4/2025 12:30,164.2456591,49.18815355,82.7588135,14.66804878,43.31970945,13.42620044,4.245460834,57.0004081
2/4/2025 12:45,123.342069,69.64741683,52.22705816,14.63263586,85.46386624,14.42107461,3.626400117,52.29658666
2/4/2025 13:00,216.802912,49.41051039,51.55457073,34.4745556,38.71440624,10.64447743,2.871738213,30.5681526
2/4/2025 13:15,184.0962611,20.12450427,87.31924506,34.96761309,23.69916684,14.61385242,0.632023078,9.236291982
2/4/2025 13:30,147.0778176,79.413327,8.790760162,15.4740095,63.58678047,11.51870327,3.175110487,36.57315555
2/4/2025 13:45,200.2110892,78.36363157,36.84817204,21.54145228,40.51661195,11.7174837,2.554499196,29.9323027
2/4/2025 14:00,187.1148285,53.26777013,38.41653141,33.17967481,71.15479308,13.0134348,4.36326474,56.78106119
2/4/2025 14:15,161.3773144,74.10495456,71.39652795,17.59249271,68.26338776,12.80978386,2.024489454,25.93327234
2/4/2025 14:30,101.2561373,56.65813251,71.92702359,30.33130352,20.89088261,11.07028463,2.674916961,29.61209213
2/4/2025 14:45,250.4793508,34.61305138,38.20231023,11.21677073,20.04388139,10.60932517,4.300101033,45.62117015
2/4/2025 15:00,237.2558676,25.46278654,95.96608604,26.57787196,79.89937096,14.43518575,3.791690546,54.73375734
2/4/2025 15:15,150.7089585,1.267997319,82.17705986,20.9117109,68.40827369,12.73179299,3.007513593,38.29104049
2/4/2025 15:30,134.9029155,75.9096044,40.80146469,29.21483197,44.42777886,14.50523473,2.468181874,35.80155744
2/4/2025 15:45,251.3308223,84.77093765,89.93686719,31.18939093,59.57074446,10.35743742,1.683500868,17.43675488
2/4/2025 16:00,244.1548312,45.70327585,1.864739322,31.82310345,79.69887338,13.56653421,4.00075209,54.27634007
2/4/2025 16:15,265.3126252,36.77290438,83.82458011,12.44275456,22.45904108,12.02168192,3.883573177,46.68708143
2/4/2025 16:30,189.2848663,86.23427151,65.13263687,21.04841183,35.76712126,13.8185263,2.311596237,31.94285339
2/4/2025 16:45,151.4754072,36.61958847,16.9518726,11.37664653,31.79794525,10.64127197,3.84595369,40.92583919
2/4/2025 17:00,165.8158346,59.89735832,96.39288038,10.82278975,44.83932986,13.12479492,1.825632904,23.96105746
2/4/2025 17:15,108.1143803,13.52985144,54.18842848,24.13223815,51.19206864,12.1136538,0.927710953,11.23796931
2/4/2025 17:30,162.2977653,71.45311724,31.08369485,26.21269496,33.74861111,14.1511901,4.569173001,64.65923574
2/4/2025 17:45,122.1065701,85.92091813,13.40661146,28.45143793,60.50710117,11.66858213,1.898332173,22.15084488
2/4/2025 18:00,212.2318028,47.69287378,28.35529399,13.12457759,75.99590813,11.48723252,2.90774574,33.40195144
2/4/2025 18:15,263.6609616,51.87017478,47.68874902,19.58049495,78.14258097,10.28082855,3.532523093,36.31726427
2/4/2025 18:30,224.2239766,89.73940769,8.035670445,31.64820414,20.51710129,14.86009893,4.636872589,68.90438542
2/4/2025 18:45,126.5606172,74.02077189,77.28547918,29.1022507,64.22424596,14.03854781,1.280368744,17.97451782
2/4/2025 19:00,178.4479687,36.93299195,80.44087131,30.02523295,71.26854698,10.01750375,1.793859949,17.96999877
2/4/2025 19:15,169.4586679,82.93095834,65.57106614,33.10656289,56.54507137,12.17146657,2.127954561,25.90032779
2/4/2025 19:30,188.4642847,1.201256206,74.93850095,17.23534371,36.09214859,10.13709047,3.226068075,32.70294394
2/4/2025 19:45,174.5468273,67.29393143,47.50084818,11.82532335,40.04387192,10.41403155,0.632869228,6.590720109
2/4/2025 20:00,142.0276395,73.3928413,74.56044985,17.54408951,80.05250444,12.03982322,1.521557148,18.31927909
2/4/2025 20:15,156.031195,31.55786265,1.201914626,23.99045536,55.12557915,11.6930232,2.969613503,34.72375959
2/4/2025 20:30,166.5333801,52.60403697,22.94709491,33.39932603,68.60572345,11.2220739,3.556700328,39.91355393
2/4/2025 20:45,190.0635341,56.79647966,79.77813823,19.74021894,72.59876616,12.05885123,4.910472591,59.21465844
2/4/2025 21:00,243.4684196,1.663344609,25.68065361,16.6291191,75.09598621,14.85680272,3.921760771,58.26482609
2/4/2025 21:15,139.0915589,17.62637598,69.61108293,22.31436734,39.01316926,11.37728862,3.934431341,44.76316091
2/4/2025 21:30,192.0516077,27.28102199,74.59948811,10.74932213,45.84309356,13.79023922,2.531902111,34.91553578
2/4/2025 21:45,208.808754,72.41499502,53.80308264,32.69193043,38.02142908,10.91458767,1.623783831,17.72293098
2/4/2025 22:00,193.8185928,64.58740221,98.06596441,22.51554661,65.89879325,11.37229741,3.550310567,40.37518766
2/4/2025 22:15,130.8876726,2.376055554,24.87290274,30.13954114,85.9749492,13.60655895,1.164325936,15.84246948
2/4/2025 22:30,141.5274845,78.77782432,81.30277586,29.59700399,36.44015612,13.08123027,2.67169124,34.94900833
2/4/2025 22:45,177.5736212,50.58316785,90.96972089,16.59380079,78.85899872,10.16137608,3.724232852,37.84333061
2/4/2025 23:00,139.3170766,79.27156063,86.30143522,12.24534544,35.54939424,14.12994369,4.251651974,60.07560296
2/4/2025 23:15,105.2205745,16.40097457,85.45606681,19.00458211,57.65787124,10.59412044,2.635922497,27.92528042
2/4/2025 23:30,118.0843431,81.22553051,31.82699492,32.69279065,67.996971,10.97948931,1.72066244,18.89199486
2/4/2025 23:45,263.3837772,43.56242871,14.11368885,18.0069694,59.30475228,11.91849024,4.350615012,51.85276254
2/5/2025 0:00,97.23894341,84.22962027,35.40254714,33.34389158,82.02994303,12.54175642,2.742215602,34.39220012
2/5/2025 0:15,108.4177878,89.93372205,73.19138277,19.9460919,83.96139678,12.65280371,4.262460643,53.93207785
2/5/2025 0:30,96.11301243,6.800623467,91.83541418,33.9918292,78.49849282,10.56925085,3.501812827,37.01153819
2/5/2025 0:45,140.0404715,41.2839864,43.5413318,33.23340552,47.50899554,10.99829127,4.640646785,51.03918503
2/5/2025 1:00,253.6185544,17.81301503,88.34168418,21.73991733,55.54844985,10.35513839,2.961158254,30.66320351
2/5/2025 1:15,128.3005553,14.27467487,50.76393379,15.91682072,54.57156676,14.27302592,4.326846822,61.75719684
2/5/2025 1:30,121.0019576,9.364972285,33.39727771,12.35219038,38.28941959,11.85870487,1.550845149,18.39101493
2/5/2025 1:45,229.5459138,27.29059186,23.23213133,15.65356432,69.16342812,10.58196178,4.371574514,46.25983441
2/5/2025 2:00,93.80799661,19.84435935,69.85750142,32.28853884,79.77545582,11.77907282,2.421438191,28.52229678
2/5/2025 2:15,182.8488905,37.48688816,69.35463543,17.38641274,75.3865427,14.75899834,3.364686041,49.65939571
2/5/2025 2:30,157.0040728,83.22761366,25.4589841,31.6590742,88.57426072,10.11558515,1.503818858,15.21200772
2/5/2025 2:45,164.9005381,49.96171478,71.54597295,13.21885921,41.42816984,12.35887018,4.214963219,52.09218323
2/5/2025 3:00,257.2199382,65.77827154,63.95791512,14.87715796,25.90556634,14.06097476,0.691207192,9.719046881
2/5/2025 3:15,195.6335038,26.91140353,13.36813818,20.97598626,37.37425845,14.85775008,1.897913611,28.19872611
2/5/2025 3:30,137.8426142,82.25026363,24.28665678,13.83997308,51.87259463,14.45609863,3.239216634,46.82643515
2/5/2025 3:45,237.734263,61.07771123,4.635772363,10.44163651,76.93164956,13.26321566,2.063369915,27.36692017
2/5/2025 4:00,148.022863,9.904102836,21.54357474,26.71856831,85.67987693,14.69676066,2.188836249,32.16880248
2/5/2025 4:15,181.528646,39.52135648,36.59692555,15.56801437,65.77901487,12.4182334,4.661270928,57.88475033
2/5/2025 4:30,132.7970482,85.979189,71.66273377,15.27077446,44.59885529,12.78040582,0.921933108,11.78267925
2/5/2025 4:45,147.2692236,49.06889484,64.94131348,26.49058261,50.73656153,12.20055481,4.54939358,55.50512575
2/5/2025 5:00,243.9618232,3.690757512,16.5780372,14.14555374,72.82773896,14.34607499,2.892690938,41.49876111
2/5/2025 5:15,153.2408626,63.44034901,51.75938218,31.74707843,28.44389489,11.47487993,3.694390066,42.39268242
2/5/2025 5:30,150.0373388,41.20791916,13.80095016,20.94787011,85.18793645,10.28501809,1.301495092,13.38590057
2/5/2025 5:45,161.0914716,44.30361157,33.02206445,32.06466307,79.73764174,10.04577037,3.433460808,34.49175885
2/5/2025 6:00,120.7063849,54.02491353,61.60573043,12.48975066,73.17159473,11.97132352,1.850587107,22.15397697
2/5/2025 6:15,187.2051725,40.95955985,11.6495602,19.67959251,73.34022767,10.01349696,2.752532473,27.56247554
2/5/2025 6:30,131.7644861,24.11904786,97.89224687,21.7511836,83.90010794,12.20968952,3.925259294,47.92619725
2/5/2025 6:45,149.0205439,87.87668678,37.43807159,25.84915763,79.69954689,11.99068681,3.236397885,38.80663344
2/5/2025 7:00,222.087232,36.69568058,21.52415704,34.0339343,37.85080395,10.18534031,4.555412224,46.39842374
2/5/2025 7:15,174.4786737,46.97267788,17.71657475,17.65278808,43.87933882,13.86426025,2.333787827,32.35624181
2/5/2025 7:30,199.4956156,80.21257264,84.782684,28.76853618,20.02013548,12.69028295,2.504379081,31.78127916
2/5/2025 7:45,200.7038253,60.91402591,65.58634076,18.45337301,64.77779184,10.88634625,0.976150443,10.62671172
2/5/2025 8:00,122.3658698,12.60841338,72.9607494,23.18617448,27.90436592,10.33826165,2.428543381,25.1069169
2/5/2025 8:15,266.2253282,35.17591949,55.83098842,20.56057761,54.32000041,14.8116544,2.74030569,40.58846082
2/5/2025 8:30,250.6539654,51.12038709,96.45175312,29.16134152,25.706983,12.01202324,1.209299342,14.52613179
2/5/2025 8:45,144.9749223,22.49403861,54.1542637,15.83716617,51.38483202,10.82193338,4.201321976,45.46642655
2/5/2025 9:00,263.1778607,56.20019308,80.59789266,14.26188279,38.00683935,13.02808831,4.919356155,64.08980644
2/5/2025 9:15,164.036182,59.69751751,25.70128771,14.30641683,76.69692078,13.64314642,3.773544011,51.48301348
2/5/2025 9:30,217.7098124,8.894124907,13.05342191,14.86025122,26.4479191,13.82226164,3.705802766,51.22257544
2/5/2025 9:45,214.8811193,64.87611607,59.02610151,28.28194313,59.02055942,12.61872683,2.834482231,35.76755697
2/5/2025 10:00,139.2224099,50.4158457,68.63830787,13.80463562,56.16555119,11.80437125,1.729353489,20.4139306
2/5/2025 10:15,164.0059603,31.30224265,28.89926134,19.89961005,43.20371826,11.26732019,0.525182357,5.917397778
2/5/2025 10:30,122.1558927,86.83121771,68.0429885,11.82447552,63.83817595,13.82778365,2.303721766,31.85536616
2/5/2025 10:45,222.2690137,87.74288029,34.99493245,20.66855123,66.302422,14.71635795,2.685048055,39.51412828
2/5/2025 11:00,165.2739672,45.21594463,51.7058818,13.62112881,76.71138961,13.78759443,0.816497578,11.25753746
2/5/2025 11:15,151.8182608,71.20818304,93.06893295,13.3463397,48.62435172,14.97194407,1.231232527,18.43394454
2/5/2025 11:30,156.1077665,19.28809667,24.23654319,17.83384556,23.99872485,14.29167677,2.126233808,30.38744632
2/5/2025 11:45,179.8450914,4.095861611,11.89249038,20.43412375,63.82759506,12.06470355,1.261774783,15.2229387
2/5/2025 12:00,91.11241451,79.56800498,65.25455864,17.70481804,34.08193286,14.74408205,3.064125892,45.17772357
2/5/2025 12:15,132.2214085,87.63643933,31.3996871,13.81555505,64.25877265,13.11747686,2.801799304,36.75253754
2/5/2025 12:30,193.5241447,79.72646215,86.09181474,24.50226616,64.44165657,11.63557349,0.835955559,9.726822347
2/5/2025 12:45,208.0467583,74.08817216,82.15050494,20.42900798,33.74751601,12.58807842,2.692998057,33.89967073
2/5/2025 13:00,189.331869,37.77067059,98.86331445,32.08383436,53.68526736,12.45048008,3.590511849,44.70359625
2/5/2025 13:15,111.1011794,27.92713015,55.10037497,28.15492774,75.13199997,10.07952323,1.191256546,12.00729802
2/5/2025 13:30,256.3874685,75.61300436,62.32419204,17.69524662,78.83156311,10.87454613,2.179138065,23.69713741
2/5/2025 13:45,182.5780935,62.72760168,94.12439514,13.46287343,87.351769,10.96607954,4.236110519,46.4535249
2/5/2025 14:00,131.227894,20.64557549,74.43062007,11.0548256,35.7697538,10.82489408,1.375165649,14.88602249
2/5/2025 14:15,159.070986,38.17215738,56.41999922,14.01049627,59.06268586,13.92107152,4.788190145,66.65673746
2/5/2025 14:30,117.7769863,15.89264106,67.56282962,25.48209462,78.74291003,10.87497013,4.963919231,53.98247339
2/5/2025 14:45,208.7848131,83.77257166,79.37873286,31.2464921,47.23996284,14.53987647,3.258583803,47.37940595
2/5/2025 15:00,243.9619486,37.2834256,85.25060843,24.56605243,86.22302274,13.05115978,2.639115094,34.44351277
2/5/2025 15:15,206.2707707,32.65199944,38.59228801,21.334336,55.1659608,12.77535305,3.006018083,38.4029423
2/5/2025 15:30,251.5017539,5.9927425,76.47395023,28.55385046,82.50067029,13.83643723,3.245122503,44.9009338
2/5/2025 15:45,259.3199349,35.5565672,3.046621204,21.24041378,84.66690545,13.83578907,2.205123514,30.50962383
2/5/2025 16:00,119.0991388,54.1334634,41.85128885,30.37457692,74.06528015,10.62045319,2.914154311,30.94963945
2/5/2025 16:15,111.5932032,48.40561906,44.38488261,34.35541651,50.27943143,12.13724307,1.169971156,14.20022431
2/5/2025 16:30,239.0842748,30.05079946,92.14434978,23.3012519,74.43089448,12.6999446,1.867876978,23.72193414
2/5/2025 16:45,255.6378024,51.58298262,57.27591003,28.83007779,54.37434134,14.21230359,3.869974069,55.00124635
2/5/2025 17:00,226.3698724,88.18256808,36.83874252,29.61093134,58.80405062,14.36698107,0.684374694,9.832398274
2/5/2025 17:15,252.33957,66.47607486,76.46243032,13.31638677,44.71015404,14.57432984,2.957687815,43.10631779
2/5/2025 17:30,182.8915108,87.91589626,18.23192609,30.89354054,49.60010463,13.111283,3.449700046,45.22999355
2/5/2025 17:45,137.1007276,28.85381515,68.14880745,13.54772931,42.49567238,12.29868652,4.77672472,58.74743992
2/5/2025 18:00,105.6958025,18.24276882,8.295323291,27.28642663,84.23598738,10.07380307,4.051443752,40.81344652
2/5/2025 18:15,234.6243571,87.89536534,25.72580521,33.62816776,34.86439067,11.4532989,1.148421775,13.15321785
2/5/2025 18:30,247.8229358,89.05942188,64.90630807,28.53653344,33.97372868,10.97776072,4.242552903,46.57373062
2/5/2025 18:45,269.8150911,6.488110311,24.45817271,16.14222154,47.34113912,10.32859148,1.112551433,11.49108925
2/5/2025 19:00,215.1644538,75.73877506,54.40204902,26.818188,70.32096869,14.86481211,0.84583005,12.57310478
2/5/2025 19:15,263.0197241,9.482543613,85.05500032,18.25535118,75.74748122,11.31186011,1.117563637,12.64172353
2/5/2025 19:30,210.0605402,51.92147272,55.23602046,18.82559955,31.11113003,13.78804192,3.587495819,49.46454275
2/5/2025 19:45,171.6822085,88.49251601,91.5999873,17.62171727,88.27273595,12.97035194,0.938131501,12.16789573
2/5/2025 20:00,157.8961451,72.85059846,19.19515964,27.88704519,82.50555518,11.51471317,3.815097148,43.92974939
2/5/2025 20:15,192.2815156,50.11880187,99.6353069,25.89186602,75.4704606,11.9804734,4.292656495,51.42805695
2/5/2025 20:30,155.9634167,4.736844265,84.71605472,10.1288371,80.97670684,12.72695666,2.580124764,32.83713604
2/5/2025 20:45,142.8074326,44.89738996,20.00243877,34.15021824,47.83087857,10.98412139,0.526530696,5.783477077
2/5/2025 21:00,165.9381843,49.2160446,15.49549327,17.18260408,67.10356827,12.13555663,2.946239167,35.75425227
2/5/2025 21:15,195.1518559,79.88840062,36.74709272,22.45437045,32.5709806,13.73385978,4.24342043,58.27854118
2/5/2025 21:30,252.5812864,77.50170423,69.92115097,33.61580243,21.5992822,12.42255952,4.189306331,52.04190724
2/5/2025 21:45,232.2210064,57.43862643,76.01373991,10.65684479,45.15703176,11.9175893,3.914142373,46.64714128
2/5/2025 22:00,145.5339866,61.32594036,88.8491496,22.05270078,56.03052828,14.51985288,0.862090424,12.51742612
2/5/2025 22:15,124.8621116,51.09698575,84.66446976,15.09504683,36.89546416,11.43501507,4.755333151,54.37730623
2/5/2025 22:30,118.6105714,16.92141493,55.98437695,19.77395809,89.2146816,11.84790698,3.968391647,47.0171351
2/5/2025 22:45,128.5609098,39.88615018,95.49765423,33.45779166,89.80416494,12.07228283,3.08577899,37.2523967
2/5/2025 23:00,211.4181248,20.79975074,50.45107753,30.84432716,25.58544537,14.5933259,3.814264175,55.66280015
2/5/2025 23:15,116.7975012,88.03535765,79.90265091,21.59011111,74.09188863,11.60503055,1.380556208,16.02139698
2/5/2025 23:30,212.8384021,43.90557732,92.47923904,26.53491343,82.80626728,11.93655963,4.659257449,55.61550437
2/5/2025 23:45,180.5395772,41.17782588,98.50294551,33.52783916,45.22309435,10.60786871,4.979451118,52.82136369
2/6/2025 0:00,215.523944,58.89418942,11.83339244,13.97577222,25.15897779,14.83558467,4.543266206,67.40201045
2/6/2025 0:15,260.405932,8.017844672,62.69272769,22.93572169,76.4380487,14.90200523,3.274903424,48.80262795
2/6/2025 0:30,264.7075576,49.99190975,21.25734471,31.20281256,25.14732196,14.51499866,4.175664108,60.60975894
2/6/2025 0:45,201.8589583,5.071721805,10.2002299,27.56604027,50.33765433,10.65758048,4.242869996,45.21872847
2/6/2025 1:00,202.7582545,2.290164751,70.83171512,23.96172114,42.18755333,11.45019475,2.916695712,33.39673393
2/6/2025 1:15,146.9537042,63.23269552,0.466024018,22.45143545,83.97112757,11.57431465,2.803985189,32.45420684
2/6/2025 1:30,98.3267398,60.85996951,20.00985333,22.25062573,34.51010457,11.69453202,3.369358215,39.40306752
2/6/2025 1:45,258.4015596,73.03347741,80.38824427,16.49418292,63.7497926,14.69481726,4.007994979,58.89675381
2/6/2025 2:00,139.4378984,39.18377671,27.11366829,20.632832,31.87786948,13.83374969,4.366314558,60.40250267
2/6/2025 2:15,258.9779825,29.23220479,81.49531633,12.16761028,58.54797894,12.29335757,4.092342742,50.30863261
2/6/2025 2:30,145.5004879,89.11486004,37.03625754,16.06447777,29.86519859,13.27569566,2.379736666,31.59265972
2/6/2025 2:45,162.437454,11.89161988,99.17838618,15.16123433,52.59187512,14.80521088,4.409479978,65.28328095
2/6/2025 3:00,232.2206327,82.94670805,51.63026625,23.66315788,29.56303219,14.6825733,1.880950965,27.61720042
2/6/2025 3:15,151.6975758,68.4279194,36.97613304,10.05461137,40.25291275,10.94281705,3.130388443,34.25526802
2/6/2025 3:30,179.4074332,80.62883178,66.34298403,14.89175199,84.19185754,11.44603218,3.053208863,34.94712689
2/6/2025 3:45,148.8536978,83.09497945,85.92393938,25.69680138,41.60753336,13.36863361,3.659720768,48.92546608
2/6/2025 4:00,163.7078307,18.13694663,38.4235385,15.26652877,82.627476,12.59875484,4.547136281,57.28825522
2/6/2025 4:15,255.636839,29.30001972,16.15384895,12.91758257,66.38295371,14.34927297,1.562287997,22.41769693
2/6/2025 4:30,236.6216655,57.20907219,34.18047258,24.92116768,25.13537902,13.08970747,1.387032212,18.1558459
2/6/2025 4:45,175.8649562,70.86550657,1.911495902,13.85441392,39.19678833,14.8531544,1.142193473,16.96517601
2/6/2025 5:00,182.4829479,24.52110827,91.50133392,26.96490208,44.15964129,10.1171821,0.871330744,8.815411806
2/6/2025 5:15,235.6792972,24.85452323,15.18908572,23.24413817,33.93528942,10.51395708,2.833806385,29.79451871
2/6/2025 5:30,253.7532909,67.42129369,8.031637163,20.19600228,56.79037836,10.52751669,3.097287278,32.6067435
2/6/2025 5:45,219.3376904,11.86588815,48.52567439,23.14244407,57.30999712,11.59587689,2.382343724,27.62536454
2/6/2025 6:00,206.449823,35.5351298,0.209537367,10.25713317,76.57266541,13.31992144,2.998777259,39.94347752
2/6/2025 6:15,99.1692859,83.81813158,3.653597471,19.5553514,51.74101092,11.8569483,1.054071429,12.49807044
2/6/2025 6:30,93.61581088,38.33111885,40.64781615,30.46894522,55.02349561,12.72481873,2.461927682,31.32758347
2/6/2025 6:45,196.1897433,48.94157512,89.42015223,12.74746286,70.94297307,11.723337,4.488335389,52.61826834
2/6/2025 7:00,112.1916692,69.32993305,87.22237595,25.13666271,87.41047635,14.021328,4.852506582,68.03858639
2/6/2025 7:15,190.5749066,15.25134176,98.26012405,10.06501637,20.26559059,13.91664171,4.45716063,62.02870752
2/6/2025 7:30,245.2037891,1.302076633,40.36742552,23.09292912,32.8938075,10.36808066,3.789930848,39.29430874
2/6/2025 7:45,125.6156274,64.57046774,69.36364758,20.86966615,34.80768292,12.29486778,0.848387394,10.43081083
2/6/2025 8:00,99.87464409,81.61614107,53.80386294,11.28552401,23.70912221,13.47057844,4.591193476,61.84603187
2/6/2025 8:15,168.2444232,23.28791077,53.05965464,18.36543668,39.42551824,11.76577791,4.201878128,49.43836486
2/6/2025 8:30,94.31349763,16.63820179,60.83945254,21.84402731,80.24922474,12.2445785,3.459293922,42.35759599
2/6/2025 8:45,104.975662,25.94201839,39.17304554,23.01751365,72.96021231,14.27401404,4.152036587,59.26622853
2/6/2025 9:00,158.8989144,4.889335163,72.98047853,18.80767877,82.54232927,11.08901899,2.930749866,32.49914091
2/6/2025 9:15,154.886099,62.02198041,82.29535326,19.18456471,75.88487114,12.47078084,4.841729726,60.38015032
2/6/2025 9:30,133.8290999,14.91032103,86.74437725,30.40456617,24.08040043,11.34095403,1.519723594,17.23511542
2/6/2025 9:45,247.1724436,44.44431826,33.45642786,25.04269979,83.4969825,10.99995982,2.934453088,32.27886607
2/6/2025 10:00,138.3167569,87.5601656,20.54480607,24.69382524,39.64361142,13.790951,2.740596557,37.79543283
2/6/2025 10:15,192.3981588,88.42631284,81.33637324,29.83871266,83.96669983,10.31376426,3.452703298,35.61036787
2/6/2025 10:30,193.6228219,2.90053263,0.640840868,13.30145799,86.51063703,14.37445803,4.156218281,59.74338524
2/6/2025 10:45,242.3290484,51.33663118,40.61916686,26.84405592,46.74459786,14.37259055,2.671428707,38.39535098
